id,username,password
1,bob,$2b$12$kVnzOKjBu5V7rGVxI9l6FeqVA4iWgev2ThHFNvIykJfIirdwEYGyS
2,admin5,$2b$12$otKp6nfmqo2q3Y.7Fn9hVeqAit2h.riVl.sA.oGIHz/IEEDaPElW2
3,admin1,$2b$12$5H.YKxU6SGUvc1eoi7CqLuT0FRvI2W/BVS5.rGJGtHrokDF2CAz0K
4,fadasdf,$2b$12$Vnt0N7aE4kKnLMM3mSARC.uRyJ0Blxv17qdXHotZojmzIXLoKt3u6
5,admin,$2b$12$MM04OuH1PBp.z9ZdS0SCZusjcXZcFb2PBz/Ft/bixx8Ad1Ss0hMAq
6,newbob,$2b$12$rLchkPuLMHtWZpH3AKWSS.N5qL27YYg94ELEefjjtghLTZ/cXyM26
7,newbober,$2b$12$TArDoml6kD7mJ79UOJIJM.O9hrjodaU194MOmtLwjZKD4H.tTlNwe
8,newbobert,$2b$12$MlwNpD1E2X/pM7PMQaUdtO5R8gb7AjTGzMDLcjyYOX9BG/WLliTLG
9,asdlfhjkasdfhklj,$2b$12$7zrn/a/BKLjbL/H2a3IacO0dAKscvTgqH8NdKjQEC7Crv36w20ltG
10,asdfasdfa,$2b$12$4d4RdAT.ilyWefcIpvEXP.yj.9tI9yQBvF6xAqXlYZxEspO/Q5sbO
11,chakapan,$2b$12$KUZhkFoYwtqMh1KZrlovxu2px6vgNPZQltmf860oqEFYgDa1igQh6
12,asdfasdf,$2b$12$dMGnb/jBPrlv66l5dfWmNOy4TUTy4pIhWPaheKdM3KWH7K4kGvVDy
13,test,$2b$12$W57i7.0IJewwFPtxJ0IaFOTlHP9C5OtPLGwMdmb5TZBi48TgsWr7e
